Case,Selection_group,Scenario,SampleIndex,MMSI,Path_5min_m,Avg_speed_5min_mps,Avg_speed_5min_kn,True_turn_rad,True_turn_deg,Abs_turn_deg,Anchor_lat,Anchor_lon,OOD_score,Rarity_score,Neighbor_mean,Neighbor_max,RF_ADE_m,RF_FDE_m,RF_PredTurn_deg,RNN_ADE_m,RNN_FDE_m,RNN_PredTurn_deg,LSTM_ADE_m,LSTM_FDE_m,LSTM_PredTurn_deg,HINN_ADE_m,HINN_FDE_m,HINN_PredTurn_deg,Best_baseline_ADE_m,Best_baseline_FDE_m,HINN_ADE_gain_m,HINN_FDE_gain_m,HINN_ADE_gain_pct,HINN_FDE_gain_pct,HINN_ADE_rank,HINN_FDE_rank,Recommended_main_figure,Recommendation_reason
1,HINN-leading,Straight,671,525100764,1172.04296875,3.9068098958333333,7.594237459924371,-0.006501048803329468,-0.37248262763023376,0.37248262763023376,10.210673324895696,107.05059500012648,0.026811283081769943,0.0,4.02827262878418,5.070199012756348,177.8010711669922,417.8883972167969,31.182519912719727,231.7625274658203,498.45892333984375,41.394222259521484,167.38963317871094,386.6855163574219,38.44221878051758,105.2486343383789,190.57066345214844,-14.280532836914062,167.38963317871094,386.6855163574219,62.14099884033203,196.11485290527344,37.123565673828125,50.71688461303711,1,1,True,HINN wins ADE/FDE clearly with moderate absolute error
2,HINN-leading,Straight,1123,574480000,1858.7254638671875,6.195751546223958,12.043587924485383,-0.002075890079140663,-0.11893973499536514,0.11893973499536514,10.302290000923342,107.26681330163436,0.34769776463508606,0.2665916383266449,5.0320844650268555,8.349418640136719,90.60226440429688,245.21678161621094,-15.08763599395752,132.5281982421875,328.8384704589844,-1.7039514780044556,88.90872955322266,178.35244750976562,15.915258407592773,27.357585906982422,65.435791015625,12.434427261352539,88.90872955322266,178.35244750976562,61.551143646240234,112.91665649414062,69.22958374023438,63.31096649169922,1,1,True,HINN wins ADE/FDE clearly with moderate absolute error
3,HINN-leading,Moderate curve,656,525100764,1221.74072265625,4.072469075520833,7.916253422181682,0.2162482887506485,12.390113830566406,12.390113830566406,10.22014167082676,107.05613914945944,0.13633280992507935,0.0,4.442986965179443,8.59233283996582,107.4142074584961,244.63644409179688,18.786466598510742,286.85113525390625,635.963134765625,51.95014572143555,167.24551391601562,381.0654602050781,46.400978088378906,21.019643783569336,41.274349212646484,-28.99360466003418,107.4142074584961,244.63644409179688,86.39456176757812,203.36209106445312,80.43122100830078,83.12828826904297,1,1,True,HINN wins ADE/FDE clearly with moderate absolute error
4,HINN-leading,Moderate curve,369,352001126,1563.009765625,5.210032552083334,10.127501831265082,-0.3560166358947754,-20.39824867248535,20.39824867248535,10.417152223696991,107.00936830007284,0.0,0.0,3.5048394203186035,4.43275260925293,124.93575286865234,340.1528015136719,-1.8411130905151367,126.14301300048828,353.4179382324219,1.0744112730026245,125.385009765625,345.5887756347656,1.7879217863082886,49.80525207519531,130.2573699951172,-10.202420234680176,124.93575286865234,340.1528015136719,75.13050079345703,209.8954315185547,60.135311126708984,61.70621871948242,1,1,True,HINN wins ADE/FDE clearly with moderate absolute error
5,HINN-leading,Strong curve,217,229786000,1921.4166259765625,6.404722086588541,12.449794509389829,-0.8044102787971497,-46.08930969238281,46.08930969238281,10.537563326647442,106.85494670828344,0.19572016596794128,0.5885893106460571,4.773098945617676,7.346354007720947,666.607666015625,1656.2076416015625,11.361160278320312,582.8049926757812,1463.2816162109375,-6.745771408081055,694.8749389648438,1768.9417724609375,-5.782193660736084,333.8377380371094,860.1406860351562,-18.673789978027344,582.8049926757812,1463.2816162109375,248.96725463867188,603.1409301757812,42.71879196166992,41.21837615966797,1,1,False,HINN leads but absolute error/margin less suitable for main figure
6,HINN-leading,Strong curve,687,525100764,1182.1923828125,3.9406412760416667,7.66000045882869,-0.6802818775177002,-38.97727966308594,38.97727966308594,10.199893321915374,107.04771169998614,0.1343224048614502,0.0,4.080836296081543,5.162017345428467,350.4284362792969,850.6765747070312,39.73554992675781,369.50811767578125,814.9854125976562,70.55979919433594,307.0535583496094,696.8164672851562,17.63091278076172,227.23812866210938,491.8204345703125,-16.365671157836914,307.0535583496094,696.8164672851562,79.8154296875,204.99603271484375,25.993976593017578,29.418941497802734,1,1,False,HINN leads but absolute error/margin less suitable for main figure
7,HINN-leading,Long-range,226,229786000,1879.6611328125,6.265537109375,12.179240324262699,1.2487038373947144,71.54545593261719,71.54545593261719,10.544678330610518,106.84940330284496,0.48232588171958923,0.5868180394172668,5.500344276428223,8.712140083312988,421.0880432128906,1260.1168212890625,-5.7108259201049805,404.4893493652344,1159.6510009765625,7.40654993057251,419.8636169433594,1162.034912109375,56.097164154052734,209.85267639160156,549.0877685546875,89.10862731933594,404.4893493652344,1159.6510009765625,194.6366729736328,610.563232421875,48.119110107421875,52.650604248046875,1,1,False,HINN leads but absolute error/margin less suitable for main figure
8,HINN-leading,Long-range,1126,574480000,1856.912109375,6.18970703125,12.03183831719293,-0.008306787349283695,-0.47594383358955383,0.47594383358955383,10.301541666983915,107.2634767079055,0.5726838111877441,0.2665916383266449,4.988637924194336,8.332319259643555,93.0386734008789,240.0383758544922,-11.982468605041504,74.91048431396484,210.3140411376953,-7.320160865783691,104.78588104248047,345.4217224121094,-43.921730041503906,28.86957359313965,75.58238983154297,15.239665985107422,74.91048431396484,210.3140411376953,46.04090881347656,134.73165893554688,61.46123504638672,64.0621337890625,1,1,True,HINN wins ADE/FDE clearly with moderate absolute error
9,HINN-leading,Offshore,1399,636018224,1590.1368408203125,5.300456136067709,10.303271368832581,0.22984075546264648,13.168904304504395,13.168904304504395,10.258007958341471,107.10015243514384,0.018488943576812744,0.0,3.6647350788116455,4.253707408905029,181.829833984375,450.4261779785156,-8.4689359664917,111.10810852050781,277.17449951171875,-9.494601249694824,127.82537078857422,349.4709167480469,-31.267913818359375,73.49443817138672,188.1338653564453,-8.586135864257812,111.10810852050781,277.17449951171875,37.613670349121094,89.04063415527344,33.85321807861328,32.12439727783203,1,1,True,HINN wins ADE/FDE clearly with moderate absolute error
10,HINN-leading,Offshore,1215,574480000,1758.0350341796875,5.8601167805989585,11.39116557020581,-0.055310752242803574,-3.169072389602661,3.169072389602661,10.279140909493428,107.11877120799797,0.0,0.0,3.851388454437256,5.113723278045654,53.16395950317383,142.7377166748047,-0.13960225880146027,51.52691650390625,165.44908142089844,23.203781127929688,72.13555145263672,199.7295684814453,1.857168197631836,24.224843978881836,94.81273651123047,-7.84700345993042,51.52691650390625,142.7377166748047,27.302072525024414,47.92498016357422,52.98604202270508,33.57555389404297,1,1,True,HINN wins ADE/FDE clearly with moderate absolute error
11,HINN-leading,Channel/approach,225,229786000,1863.7913818359375,6.212637939453125,12.076412475319229,1.212134599685669,69.4501953125,69.4501953125,10.543630550680122,106.84922724150096,0.5747882723808289,0.5868180394172668,5.403022766113281,8.745269775390625,364.2735595703125,1118.49267578125,-1.0130860805511475,374.5302734375,1149.06103515625,-11.170296669006348,367.5694274902344,1124.7847900390625,42.912540435791016,173.5481414794922,468.2403869628906,77.75605773925781,364.2735595703125,1118.49267578125,190.7254180908203,650.2523193359375,52.35774230957031,58.13648223876953,1,1,False,HINN leads but absolute error/margin less suitable for main figure
12,HINN-leading,Channel/approach,274,352001126,1633.57666015625,5.445255533854167,10.58473912389719,0.553913950920105,31.736928939819336,31.736928939819336,10.47192102586474,106.94104690219793,0.032738231122493744,0.0,5.112733364105225,6.3017120361328125,184.14572143554688,451.9436950683594,17.49855613708496,99.25753784179688,269.4469909667969,-5.306598663330078,100.32099914550781,235.25653076171875,66.41026306152344,51.17518615722656,136.93814086914062,-0.6400228142738342,99.25753784179688,235.25653076171875,48.08235168457031,98.31838989257812,48.4420166015625,41.7919921875,1,1,True,HINN wins ADE/FDE clearly with moderate absolute error
13,Near-tie/challenging,Straight,999,574003030,1493.743408203125,4.979144694010417,9.678691352237399,0.04211556166410446,2.413043737411499,2.413043737411499,10.412007893332635,106.8003324400895,0.11587191373109818,0.0,7.509919166564941,8.27442455291748,17.702299118041992,38.24601364135742,3.958599328994751,14.908242225646973,29.783462524414062,-2.0488810539245605,22.860361099243164,59.24140167236328,8.450309753417969,15.004467010498047,31.480958938598633,0.03570481017231941,14.908242225646973,29.783462524414062,-0.09622478485107422,-1.6974964141845703,-0.6454468965530396,-5.699459552764893,2,2,False,Near-tie/challenging case; useful for robustness/supplementary
14,Near-tie/challenging,Moderate curve,1405,636018224,1436.8980712890625,4.789660237630208,9.310362717089145,0.17291435599327087,9.907261848449707,9.907261848449707,10.26359999980765,107.098316099611,0.0,0.0,3.78775954246521,4.490026950836182,109.85047912597656,289.5416564941406,-4.575467586517334,88.99653625488281,275.8005065917969,15.141348838806152,71.19519805908203,203.35205078125,15.574661254882812,72.25578308105469,209.90057373046875,-6.316835403442383,71.19519805908203,203.35205078125,-1.0605850219726562,-6.54852294921875,-1.489686131477356,-3.2202885150909424,2,2,False,Near-tie/challenging case; useful for robustness/supplementary
15,Near-tie/challenging,Moderate curve,379,352001126,1558.3167724609375,5.1943892415364585,10.097093641944426,-0.15520158410072327,-8.89239501953125,8.89239501953125,10.411686670189937,107.017071700422,0.0,0.0,4.241805076599121,4.948733329772949,28.791643142700195,45.24495315551758,-6.345598220825195,32.47622299194336,123.63674926757812,8.081465721130371,18.147945404052734,49.4239387512207,16.95572853088379,18.411014556884766,34.284698486328125,-15.891359329223633,18.147945404052734,45.24495315551758,-0.26306915283203125,10.960254669189453,-1.4495809078216553,24.224260330200195,2,1,False,Near-tie/challenging case; useful for robustness/supplementary
16,Near-tie/challenging,Strong curve,120,229786000,2000.2049560546875,6.667349853515625,12.960302488736627,0.7820916175842285,44.810546875,44.810546875,10.504969171528428,106.94972357988928,0.0,0.0,5.614713191986084,8.110767364501953,131.98785400390625,344.9475402832031,18.807579040527344,122.9209213256836,342.74212646484375,6.198912143707275,135.28359985351562,340.76953125,2.680391788482666,121.9955825805664,360.4458312988281,12.807450294494629,122.9209213256836,340.76953125,0.9253387451171875,-19.676300048828125,0.7527918815612793,-5.774078369140625,1,4,False,Near-tie/challenging case; useful for robustness/supplementary
17,Near-tie/challenging,Strong curve,1217,574572000,1007.0943603515625,3.356981201171875,6.52545505666676,-0.7218722701072693,-41.360233306884766,41.360233306884766,10.49540863635032,106.9980525840011,0.0,0.2686615586280823,3.190711736679077,3.78952693939209,82.54215240478516,268.96923828125,8.494366645812988,34.51697540283203,115.92536163330078,-67.8834228515625,41.13138961791992,124.6694107055664,11.862029075622559,36.22203826904297,98.31724548339844,-5.697841167449951,34.51697540283203,115.92536163330078,-1.7050628662109375,17.608116149902344,-4.9397807121276855,15.189184188842773,2,1,False,Near-tie/challenging case; useful for robustness/supplementary
18,Near-tie/challenging,Long-range,116,229786000,1914.958251953125,6.383194173177083,12.407947557318353,0.48572543263435364,27.830015182495117,27.830015182495117,10.500767223061336,106.95003170063472,0.031099222600460052,0.0,5.681181907653809,8.042830467224121,143.3922882080078,354.88397216796875,24.907562255859375,80.85897064208984,182.63031005859375,5.438779354095459,140.42282104492188,276.248046875,29.4658203125,79.44817352294922,193.3822784423828,38.87725830078125,80.85897064208984,182.63031005859375,1.410797119140625,-10.751968383789062,1.744762659072876,-5.8872857093811035,1,2,False,Near-tie/challenging case; useful for robustness/supplementary
19,Near-tie/challenging,Offshore,1202,574480000,1323.1356201171875,4.4104520670572915,8.573240366409738,-0.07142342627048492,-4.092260837554932,4.092260837554932,10.27655167125264,107.1547949992298,0.6643414497375488,0.0,3.6936028003692627,5.782495498657227,48.25825119018555,92.20343017578125,-3.029170036315918,18.28253936767578,35.66266632080078,-1.3357478380203247,13.005086898803711,29.43630027770996,-19.75542449951172,13.909786224365234,28.863849639892578,-3.6858348846435547,13.005086898803711,29.43630027770996,-0.9046993255615234,0.5724506378173828,-6.956503391265869,1.9447098970413208,2,1,False,Near-tie/challenging case; useful for robustness/supplementary
20,Near-tie/challenging,Channel/approach,174,229786000,2069.173583984375,6.897245279947916,13.407183833318916,0.15287889540195465,8.75931453704834,8.75931453704834,10.51687583829329,106.903185802176,0.2973775565624237,0.5868180394172668,5.5342888832092285,9.097057342529297,114.97560119628906,287.634033203125,14.383515357971191,93.76615905761719,244.71304321289062,34.5345344543457,106.00801849365234,311.0400085449219,60.864776611328125,89.75696563720703,253.05508422851562,8.3962984085083,93.76615905761719,244.71304321289062,4.009193420410156,-8.342041015625,4.275735855102539,-3.408907413482666,1,2,False,Near-tie/challenging case; useful for robustness/supplementary
